line,category,quarter,amount_usd,kpi_tied
E1,Engineering,Q1,20000,"AgentKit plugin GA shipped; mainnet vault hardening started; 0 unresolved criticals post-audit"
E1,Engineering,Q2,24000,"100k active agents [TARGET]; vault upgrade supporting HTTP stream bridge live"
E1,Engineering,Q3,30000,"Multi-collateral USDC+WETH with Chainlink oracles live on Base mainnet"
E1,Engineering,Q4,24000,"$10M+ monthly cleared volume supported at sustained p99 < 10us verify latency [TARGET]"
E2,Engineering,Q2,22000,"QUIC transport GA; 1M packets/day soak with 0 data races under TSan/ASan [TARGET]"
E2,Engineering,Q3,25000,"ZK-STARK prototype folds 1M cheques/24h into 1 proof [TARGET]"
E2,Engineering,Q4,25000,"ZK compression integrated into mainnet dispute path; watchtower fleet hardening complete"
E3,Engineering,Q1,15000,"AgentKit plugin GA release published; ElizaOS plugin beta"
E3,Engineering,Q2,15000,"HTTP stream bridge live on Base mainnet"
E3,Engineering,Q3,15000,"TS SDK beta; 10+ vendor integrations onboarded"
A1,Audits,Q1,70000,"Tier-1 Security Audit (OpenZeppelin / Trail of Bits) of PerformanceCollateralVault and SwarmDelegationVault; 0 critical / 0 high unresolved"
A2,Audits,Q3,40000,"Follow-up formal verification (Certora / Halmos) of slashing waterfall invariants (B >= 20*sum(delta_v), solvency)"
G1,Growth & Liquidity,Q1,8000,">=5 independent Bloodhound MEV searchers running [TARGET]"
G1,Growth & Liquidity,Q2,6000,">=10 independent Bloodhound searchers; fraud interception < 1 min median [TARGET]"
G1,Growth & Liquidity,Q3,6000,">=15 independent Bloodhound searchers [TARGET]"
G1,Growth & Liquidity,Q4,7000,">=25 independent Bloodhound searchers; bounty payouts fully on-chain verifiable [TARGET]"
G2,Growth & Liquidity,Q1,8000,"First 10 vendor integrations + 10k agents onboarded [TARGET]"
G2,Growth & Liquidity,Q2,10000,"100k active agents; >=10 vendor integrations live [TARGET]"
G2,Growth & Liquidity,Q3,10000,">=300 vendor endpoints [TARGET]"
G2,Growth & Liquidity,Q4,10000,">=500 vendor endpoints [TARGET]"
G3,Growth & Liquidity,Q2,10000,"$1M monthly gross volume cleared via vault [TARGET]"
G3,Growth & Liquidity,Q3,15000,"$5M monthly gross volume cleared [TARGET]"
G3,Growth & Liquidity,Q4,15000,"$10M+ monthly gross volume cleared; vault TVL sufficient for M*=20 multiplier coverage [TARGET]"
R1,Research,Q2,7500,"ZK-STARK state-compression proving cost model published"
R1,Research,Q3,7500,"ZK prototype benchmark: 1M cheques/24h -> 1 proof [TARGET]"
R2,Research,Q1,5000,"Monte-Carlo M* model extended to stressed-regime parameterization (100k sims, seed 0xCA5A151)"
R2,Research,Q2,5000,"M* parameterization adopted in mainnet risk config"
R2,Research,Q3,5000,"Multi-collateral M* (USDC+WETH) simulation report published"
R2,Research,Q4,5000,"Year-one collateral-dynamics research report; Zero-Default Basin revalidation"
O1,Operations,Q1,4000,"Watchtower nodes + monitoring + CI + benchmark farm operational; 99.9% uptime [TARGET]"
O1,Operations,Q2,4000,"Public on-chain dashboard: TVL, monthly cleared volume, netting compression stats"
O1,Operations,Q3,4000,"Infrastructure sustained through multi-collateral and ZK integration phases"
O1,Operations,Q4,3000,"Infrastructure audit passed; year-one infrastructure report"
O2,Operations,Q1,8000,"Delaware C-Corp + Cayman/BVI Foundation establishment; FinCEN / CFTC regulatory structuring"
O2,Operations,Q2,4000,"Regulatory compliance counsel; quarterly transparency report #1"
O2,Operations,Q3,4000,"Quarterly transparency report #2; regulatory review of netting fee model"
O2,Operations,Q4,4000,"Year-one legal audit & transparency report: cleared volume, fraud events, bounties, netting ratios"
